/*
 Navicat Premium Data Transfer

 Source Server         : Oracle
 Source Server Type    : Oracle
 Source Server Version : 190000 (Oracle Database 19c Enterprise Edition Release 19.0.0.0.0 - Production)
 Source Schema         : BB

 Target Server Type    : Oracle
 Target Server Version : 190000 (Oracle Database 19c Enterprise Edition Release 19.0.0.0.0 - Production)
 File Encoding         : 65001

 Date: 18/01/2024 14:22:27
*/


-- ----------------------------
-- Table structure for BANK_DONOR_APPOINTMENTS
-- ----------------------------
DROP TABLE "BB"."BANK_DONOR_APPOINTMENTS";
CREATE TABLE "BB"."BANK_DONOR_APPOINTMENTS" (
  "DONATIONID" NUMBER VISIBLE NOT NULL,
  "BANKID" NUMBER VISIBLE NOT NULL,
  "DONORID" VARCHAR2(50 BYTE) VISIBLE NOT NULL,
  "DONATION_DATE" DATE VISIBLE NOT NULL,
  "TIME" VARCHAR2(10 BYTE) VISIBLE NOT NULL,
  "STATUS" VARCHAR2(10 BYTE) VISIBLE NOT NULL,
  "DONOR_RAITNG" NUMBER VISIBLE,
  "DONOR_REVIEW" VARCHAR2(200 BYTE) VISIBLE,
  "BANK_RATING" NUMBER VISIBLE,
  "BANK_REVIEW" VARCHAR2(200 BYTE) VISIBLE
)
LOGGING
NOCOMPRESS
PCTFREE 10
INITRANS 1
STORAGE (
  BUFFER_POOL DEFAULT
)
PARALLEL 1
NOCACHE
DISABLE ROW MOVEMENT
;

-- ----------------------------
-- Records of BANK_DONOR_APPOINTMENTS
-- ----------------------------

-- ----------------------------
-- Table structure for BANK_USER_APPOINTMENTS
-- ----------------------------
DROP TABLE "BB"."BANK_USER_APPOINTMENTS";
CREATE TABLE "BB"."BANK_USER_APPOINTMENTS" (
  "REQUESTID" NUMBER VISIBLE NOT NULL,
  "USERID" NUMBER VISIBLE NOT NULL,
  "BANKID" NUMBER VISIBLE NOT NULL,
  "DONATION_DATE" DATE VISIBLE NOT NULL,
  "TIME" VARCHAR2(10 BYTE) VISIBLE NOT NULL,
  "QUANTITY" NUMBER VISIBLE NOT NULL,
  "BLOOD_GROUP" VARCHAR2(10 BYTE) VISIBLE,
  "RH" VARCHAR2(10 BYTE) VISIBLE,
  "STATUS" VARCHAR2(10 BYTE) VISIBLE NOT NULL,
  "USER_RAITNG" NUMBER VISIBLE,
  "USER_REVIEW" VARCHAR2(200 BYTE) VISIBLE,
  "BANK_RATING" NUMBER VISIBLE,
  "BANK_REVIEW" VARCHAR2(200 BYTE) VISIBLE
)
LOGGING
NOCOMPRESS
PCTFREE 10
INITRANS 1
STORAGE (
  BUFFER_POOL DEFAULT
)
PARALLEL 1
NOCACHE
DISABLE ROW MOVEMENT
;

-- ----------------------------
-- Records of BANK_USER_APPOINTMENTS
-- ----------------------------

-- ----------------------------
-- Table structure for BLOOD_BANK
-- ----------------------------
DROP TABLE "BB"."BLOOD_BANK";
CREATE TABLE "BB"."BLOOD_BANK" (
  "BANKID" NUMBER VISIBLE NOT NULL,
  "PASSWORD" VARCHAR2(50 BYTE) VISIBLE NOT NULL,
  "NAME" VARCHAR2(50 BYTE) VISIBLE NOT NULL,
  "DISTRICT" VARCHAR2(50 BYTE) VISIBLE NOT NULL,
  "AREA" VARCHAR2(50 BYTE) VISIBLE NOT NULL
)
LOGGING
NOCOMPRESS
PCTFREE 10
INITRANS 1
STORAGE (
  BUFFER_POOL DEFAULT
)
PARALLEL 1
NOCACHE
DISABLE ROW MOVEMENT
;

-- ----------------------------
-- Records of BLOOD_BANK
-- ----------------------------

-- ----------------------------
-- Table structure for BLOOD_BANK_INFO
-- ----------------------------
DROP TABLE "BB"."BLOOD_BANK_INFO";
CREATE TABLE "BB"."BLOOD_BANK_INFO" (
  "BANKID" NUMBER VISIBLE NOT NULL,
  "BLOOD_GROUP" VARCHAR2(10 BYTE) VISIBLE NOT NULL,
  "RH" VARCHAR2(10 BYTE) VISIBLE NOT NULL,
  "QUANTITY" NUMBER VISIBLE NOT NULL
)
LOGGING
NOCOMPRESS
PCTFREE 10
INITRANS 1
STORAGE (
  BUFFER_POOL DEFAULT
)
PARALLEL 1
NOCACHE
DISABLE ROW MOVEMENT
;

-- ----------------------------
-- Records of BLOOD_BANK_INFO
-- ----------------------------

-- ----------------------------
-- Table structure for BLOOD_REQUEST
-- ----------------------------
DROP TABLE "BB"."BLOOD_REQUEST";
CREATE TABLE "BB"."BLOOD_REQUEST" (
  "REQUESTID" NUMBER VISIBLE NOT NULL,
  "USERID" NUMBER VISIBLE NOT NULL,
  "BLOOD_GROUP" VARCHAR2(10 BYTE) VISIBLE NOT NULL,
  "RH" VARCHAR2(10 BYTE) VISIBLE NOT NULL,
  "REQUIRED_DATE" DATE VISIBLE NOT NULL,
  "QUANTITY" NUMBER VISIBLE NOT NULL,
  "DISTRICT" VARCHAR2(50 BYTE) VISIBLE NOT NULL,
  "AREA" VARCHAR2(50 BYTE) VISIBLE NOT NULL
)
LOGGING
NOCOMPRESS
PCTFREE 10
INITRANS 1
STORAGE (
  BUFFER_POOL DEFAULT
)
PARALLEL 1
NOCACHE
DISABLE ROW MOVEMENT
;

-- ----------------------------
-- Records of BLOOD_REQUEST
-- ----------------------------

-- ----------------------------
-- Table structure for DONOR
-- ----------------------------
DROP TABLE "BB"."DONOR";
CREATE TABLE "BB"."DONOR" (
  "DONORID" VARCHAR2(50 BYTE) VISIBLE NOT NULL,
  "GENDER" VARCHAR2(10 BYTE) VISIBLE NOT NULL,
  "BIRTH_DATE" DATE VISIBLE DEFAULT SYSDATE NOT NULL,
  "AREA" VARCHAR2(50 BYTE) VISIBLE NOT NULL,
  "DISTRICT" VARCHAR2(50 BYTE) VISIBLE NOT NULL,
  "LAST_DONATION_DATE" DATE VISIBLE NOT NULL
)
LOGGING
NOCOMPRESS
PCTFREE 10
INITRANS 1
STORAGE (
  INITIAL 65536 
  NEXT 1048576 
  MINEXTENTS 1
  MAXEXTENTS 2147483645
  BUFFER_POOL DEFAULT
)
PARALLEL 1
NOCACHE
DISABLE ROW MOVEMENT
;

-- ----------------------------
-- Records of DONOR
-- ----------------------------
INSERT INTO "BB"."DONOR" VALUES ('Navin12', 'FEMALE', TO_DATE('2002-04-12 00:00:00', 'SYYYY-MM-DD HH24:MI:SS'), 'UTTARA', 'DHAKA', TO_DATE('2024-01-09 03:09:17', 'SYYYY-MM-DD HH24:MI:SS'));
INSERT INTO "BB"."DONOR" VALUES ('Kwan9', 'MALE', TO_DATE('2004-01-20 03:09:39', 'SYYYY-MM-DD HH24:MI:SS'), 'RAIPARA', 'JESSORE', TO_DATE('2024-01-31 03:10:34', 'SYYYY-MM-DD HH24:MI:SS'));
INSERT INTO "BB"."DONOR" VALUES ('Clifford5', 'MALE', TO_DATE('1997-06-25 03:11:02', 'SYYYY-MM-DD HH24:MI:SS'), 'DAKKHINKHAN', 'CHITTAGONG', TO_DATE('2024-01-31 03:11:44', 'SYYYY-MM-DD HH24:MI:SS'));
INSERT INTO "BB"."DONOR" VALUES ('Nishimura8', 'FEMALE', TO_DATE('2003-04-13 00:00:00', 'SYYYY-MM-DD HH24:MI:SS'), 'BAZAAR', 'RAJSHAHI', TO_DATE('2024-01-25 03:12:47', 'SYYYY-MM-DD HH24:MI:SS'));
INSERT INTO "BB"."DONOR" VALUES ('Lily13', 'FEMALE', TO_DATE('1994-06-09 11:11:47', 'SYYYY-MM-DD HH24:MI:SS'), 'PALASHI', 'DHAKA', TO_DATE('2024-01-23 11:12:21', 'SYYYY-MM-DD HH24:MI:SS'));
INSERT INTO "BB"."DONOR" VALUES ('Pranto11', 'MALE', TO_DATE('2002-01-08 00:00:00', 'SYYYY-MM-DD HH24:MI:SS'), 'PALASHI', 'DHAKA', TO_DATE('2020-12-01 00:00:00', 'SYYYY-MM-DD HH24:MI:SS'));

-- ----------------------------
-- Table structure for DONOR_BLOOD_INFO
-- ----------------------------
DROP TABLE "BB"."DONOR_BLOOD_INFO";
CREATE TABLE "BB"."DONOR_BLOOD_INFO" (
  "DONORID" VARCHAR2(50 BYTE) VISIBLE NOT NULL,
  "BLOOD_GROUP" VARCHAR2(10 BYTE) VISIBLE NOT NULL,
  "RH" VARCHAR2(10 BYTE) VISIBLE NOT NULL
)
LOGGING
NOCOMPRESS
PCTFREE 10
INITRANS 1
STORAGE (
  INITIAL 65536 
  NEXT 1048576 
  MINEXTENTS 1
  MAXEXTENTS 2147483645
  BUFFER_POOL DEFAULT
)
PARALLEL 1
NOCACHE
DISABLE ROW MOVEMENT
;

-- ----------------------------
-- Records of DONOR_BLOOD_INFO
-- ----------------------------
INSERT INTO "BB"."DONOR_BLOOD_INFO" VALUES ('Navin12', 'O', '+');
INSERT INTO "BB"."DONOR_BLOOD_INFO" VALUES ('Kwan9', 'A', '+');
INSERT INTO "BB"."DONOR_BLOOD_INFO" VALUES ('Clifford5', 'B', '+');
INSERT INTO "BB"."DONOR_BLOOD_INFO" VALUES ('Nishimura8', 'AB', '-');
INSERT INTO "BB"."DONOR_BLOOD_INFO" VALUES ('Lily13', 'O', '+');
INSERT INTO "BB"."DONOR_BLOOD_INFO" VALUES ('Pranto11', 'O', '+');

-- ----------------------------
-- Table structure for DONOR_DONATES
-- ----------------------------
DROP TABLE "BB"."DONOR_DONATES";
CREATE TABLE "BB"."DONOR_DONATES" (
  "DONORID" VARCHAR2(50 BYTE) VISIBLE NOT NULL,
  "DONATIONID" NUMBER VISIBLE NOT NULL
)
LOGGING
NOCOMPRESS
PCTFREE 10
INITRANS 1
STORAGE (
  BUFFER_POOL DEFAULT
)
PARALLEL 1
NOCACHE
DISABLE ROW MOVEMENT
;

-- ----------------------------
-- Records of DONOR_DONATES
-- ----------------------------

-- ----------------------------
-- Table structure for DONOR_USER_APPOINTMENTS
-- ----------------------------
DROP TABLE "BB"."DONOR_USER_APPOINTMENTS";
CREATE TABLE "BB"."DONOR_USER_APPOINTMENTS" (
  "REQUESTID" NUMBER VISIBLE NOT NULL,
  "USERID" NUMBER VISIBLE NOT NULL,
  "DONORID" VARCHAR2(50 BYTE) VISIBLE NOT NULL,
  "DONATION_DATE" DATE VISIBLE NOT NULL,
  "TIME" VARCHAR2(10 BYTE) VISIBLE NOT NULL,
  "STATUS" VARCHAR2(10 BYTE) VISIBLE NOT NULL,
  "USER_RAITNG" NUMBER VISIBLE,
  "USER_REVIEW" VARCHAR2(200 BYTE) VISIBLE,
  "DONOR_RATING" NUMBER VISIBLE,
  "DONOR_REVIEW" VARCHAR2(200 BYTE) VISIBLE
)
LOGGING
NOCOMPRESS
PCTFREE 10
INITRANS 1
STORAGE (
  BUFFER_POOL DEFAULT
)
PARALLEL 1
NOCACHE
DISABLE ROW MOVEMENT
;

-- ----------------------------
-- Records of DONOR_USER_APPOINTMENTS
-- ----------------------------

-- ----------------------------
-- Table structure for USERS
-- ----------------------------
DROP TABLE "BB"."USERS";
CREATE TABLE "BB"."USERS" (
  "USERID" NUMBER VISIBLE NOT NULL,
  "NAME" VARCHAR2(50 BYTE) VISIBLE NOT NULL,
  "EMAIL" VARCHAR2(50 BYTE) VISIBLE NOT NULL,
  "PASSWORD" VARCHAR2(50 BYTE) VISIBLE NOT NULL
)
LOGGING
NOCOMPRESS
PCTFREE 10
INITRANS 1
STORAGE (
  INITIAL 65536 
  NEXT 1048576 
  MINEXTENTS 1
  MAXEXTENTS 2147483645
  BUFFER_POOL DEFAULT
)
PARALLEL 1
NOCACHE
DISABLE ROW MOVEMENT
;

-- ----------------------------
-- Records of USERS
-- ----------------------------
INSERT INTO "BB"."USERS" VALUES ('12', 'Navin', 'navin@gmail.com', '245');
INSERT INTO "BB"."USERS" VALUES ('13', 'LIly', 'lily@gail.com', '1');
INSERT INTO "BB"."USERS" VALUES ('1', 'Ti Ting Fung', 'tingt65@outlook.com', 't7ghLwGo8A');
INSERT INTO "BB"."USERS" VALUES ('2', 'Hara Miu', 'haramiu@gmail.com', 'RSKJZ1xaLy');
INSERT INTO "BB"."USERS" VALUES ('3', 'Tsui Ka Fai', 'tkafai@icloud.com', '0LauMSXPzS');
INSERT INTO "BB"."USERS" VALUES ('4', 'Miyazaki Akina', 'miyazakiakina@hotmail.com', 'yhZ7lg049K');
INSERT INTO "BB"."USERS" VALUES ('5', 'Clifford Torres', 'tcliff@gmail.com', 'mG3k4TxSQg');
INSERT INTO "BB"."USERS" VALUES ('6', 'Yin Jiehong', 'jiehong117@icloud.com', 'sQYmTZvBPx');
INSERT INTO "BB"."USERS" VALUES ('7', 'Liao On Kay', 'lok@icloud.com', '6CrOgbXMcD');
INSERT INTO "BB"."USERS" VALUES ('8', 'Nishimura', 'kaitonishimura@icloud.com', 'mBRcV1Bpfj');
INSERT INTO "BB"."USERS" VALUES ('9', 'Kwan', 'kwokwing72@mail.com', 'bOZVIa64hJ');
INSERT INTO "BB"."USERS" VALUES ('10', 'Kong Hiu Tung', 'kohiutung801@hotmail.com', 'HQ0EXCxGOt');
INSERT INTO "BB"."USERS" VALUES ('11', 'Pranto', 'pranto@gmail.com', '123');

-- ----------------------------
-- Table structure for USER_DONOR
-- ----------------------------
DROP TABLE "BB"."USER_DONOR";
CREATE TABLE "BB"."USER_DONOR" (
  "USERID" NUMBER VISIBLE NOT NULL,
  "DONORID" VARCHAR2(50 BYTE) VISIBLE NOT NULL
)
LOGGING
NOCOMPRESS
PCTFREE 10
INITRANS 1
STORAGE (
  INITIAL 65536 
  NEXT 1048576 
  MINEXTENTS 1
  MAXEXTENTS 2147483645
  BUFFER_POOL DEFAULT
)
PARALLEL 1
NOCACHE
DISABLE ROW MOVEMENT
;

-- ----------------------------
-- Records of USER_DONOR
-- ----------------------------
INSERT INTO "BB"."USER_DONOR" VALUES ('5', 'Clifford5');
INSERT INTO "BB"."USER_DONOR" VALUES ('9', 'Kwan9');
INSERT INTO "BB"."USER_DONOR" VALUES ('13', 'Lily13');
INSERT INTO "BB"."USER_DONOR" VALUES ('12', 'Navin12');
INSERT INTO "BB"."USER_DONOR" VALUES ('8', 'Nishimura8');
INSERT INTO "BB"."USER_DONOR" VALUES ('11', 'Pranto11');

-- ----------------------------
-- Table structure for USER_REQUEST
-- ----------------------------
DROP TABLE "BB"."USER_REQUEST";
CREATE TABLE "BB"."USER_REQUEST" (
  "USERID" NUMBER VISIBLE NOT NULL,
  "REQUESTID" NUMBER VISIBLE NOT NULL
)
LOGGING
NOCOMPRESS
PCTFREE 10
INITRANS 1
STORAGE (
  BUFFER_POOL DEFAULT
)
PARALLEL 1
NOCACHE
DISABLE ROW MOVEMENT
;

-- ----------------------------
-- Records of USER_REQUEST
-- ----------------------------

-- ----------------------------
-- Sequence structure for USERS_ID_SEQ
-- ----------------------------
DROP SEQUENCE "BB"."USERS_ID_SEQ";
CREATE SEQUENCE "BB"."USERS_ID_SEQ" MINVALUE 1 MAXVALUE 999999999999999 INCREMENT BY 1 CACHE 20;

-- ----------------------------
-- Sequence structure for USER_ID_SEQ
-- ----------------------------
DROP SEQUENCE "BB"."USER_ID_SEQ";
CREATE SEQUENCE "BB"."USER_ID_SEQ" MINVALUE 1 MAXVALUE 999999999999999 INCREMENT BY 1 CACHE 20;

-- ----------------------------
-- Primary Key structure for table BANK_DONOR_APPOINTMENTS
-- ----------------------------
ALTER TABLE "BB"."BANK_DONOR_APPOINTMENTS" ADD CONSTRAINT "BANK_DONOR_APPOINTMENTS_PK" PRIMARY KEY ("DONATIONID");

-- ----------------------------
-- Checks structure for table BANK_DONOR_APPOINTMENTS
-- ----------------------------
ALTER TABLE "BB"."BANK_DONOR_APPOINTMENTS" ADD CONSTRAINT "SYS_C007564" CHECK ("DONORID" IS NOT NULL) NOT DEFERRABLE INITIALLY IMMEDIATE NORELY VALIDATE;
ALTER TABLE "BB"."BANK_DONOR_APPOINTMENTS" ADD CONSTRAINT "SYS_C007566" CHECK ("TIME" IS NOT NULL) NOT DEFERRABLE INITIALLY IMMEDIATE NORELY VALIDATE;
ALTER TABLE "BB"."BANK_DONOR_APPOINTMENTS" ADD CONSTRAINT "SYS_C007567" CHECK ("STATUS" IS NOT NULL) NOT DEFERRABLE INITIALLY IMMEDIATE NORELY VALIDATE;
ALTER TABLE "BB"."BANK_DONOR_APPOINTMENTS" ADD CONSTRAINT "SYS_C008148" CHECK ("DONATIONID" IS NOT NULL) NOT DEFERRABLE INITIALLY IMMEDIATE NORELY VALIDATE;
ALTER TABLE "BB"."BANK_DONOR_APPOINTMENTS" ADD CONSTRAINT "SYS_C008149" CHECK ("BANKID" IS NOT NULL) NOT DEFERRABLE INITIALLY IMMEDIATE NORELY VALIDATE;
ALTER TABLE "BB"."BANK_DONOR_APPOINTMENTS" ADD CONSTRAINT "SYS_C008150" CHECK ("DONORID" IS NOT NULL) NOT DEFERRABLE INITIALLY IMMEDIATE NORELY VALIDATE;
ALTER TABLE "BB"."BANK_DONOR_APPOINTMENTS" ADD CONSTRAINT "SYS_C008151" CHECK ("DONATION_DATE" IS NOT NULL) NOT DEFERRABLE INITIALLY IMMEDIATE NORELY VALIDATE;
ALTER TABLE "BB"."BANK_DONOR_APPOINTMENTS" ADD CONSTRAINT "SYS_C008152" CHECK ("TIME" IS NOT NULL) NOT DEFERRABLE INITIALLY IMMEDIATE NORELY VALIDATE;
ALTER TABLE "BB"."BANK_DONOR_APPOINTMENTS" ADD CONSTRAINT "SYS_C008153" CHECK ("STATUS" IS NOT NULL) NOT DEFERRABLE INITIALLY IMMEDIATE NORELY VALIDATE;
ALTER TABLE "BB"."BANK_DONOR_APPOINTMENTS" ADD CONSTRAINT "SYS_C017563" CHECK ("BANKID" IS NOT NULL) NOT DEFERRABLE INITIALLY IMMEDIATE NORELY VALIDATE;
ALTER TABLE "BB"."BANK_DONOR_APPOINTMENTS" ADD CONSTRAINT "SYS_C017565" CHECK ("DONATION_DATE" IS NOT NULL) NOT DEFERRABLE INITIALLY IMMEDIATE NORELY VALIDATE;

-- ----------------------------
-- Primary Key structure for table BANK_USER_APPOINTMENTS
-- ----------------------------
ALTER TABLE "BB"."BANK_USER_APPOINTMENTS" ADD CONSTRAINT "BANK_USER_APPOINTMENTS_PK" PRIMARY KEY ("REQUESTID");

-- ----------------------------
-- Checks structure for table BANK_USER_APPOINTMENTS
-- ----------------------------
ALTER TABLE "BB"."BANK_USER_APPOINTMENTS" ADD CONSTRAINT "SYS_C007582" CHECK ("USERID" IS NOT NULL) NOT DEFERRABLE INITIALLY IMMEDIATE NORELY VALIDATE;
ALTER TABLE "BB"."BANK_USER_APPOINTMENTS" ADD CONSTRAINT "SYS_C007583" CHECK ("BANKID" IS NOT NULL) NOT DEFERRABLE INITIALLY IMMEDIATE NORELY VALIDATE;
ALTER TABLE "BB"."BANK_USER_APPOINTMENTS" ADD CONSTRAINT "SYS_C007584" CHECK ("DONATION_DATE" IS NOT NULL) NOT DEFERRABLE INITIALLY IMMEDIATE NORELY VALIDATE;
ALTER TABLE "BB"."BANK_USER_APPOINTMENTS" ADD CONSTRAINT "SYS_C007585" CHECK ("TIME" IS NOT NULL) NOT DEFERRABLE INITIALLY IMMEDIATE NORELY VALIDATE;
ALTER TABLE "BB"."BANK_USER_APPOINTMENTS" ADD CONSTRAINT "SYS_C007586" CHECK ("QUANTITY" IS NOT NULL) NOT DEFERRABLE INITIALLY IMMEDIATE NORELY VALIDATE;
ALTER TABLE "BB"."BANK_USER_APPOINTMENTS" ADD CONSTRAINT "SYS_C007587" CHECK ("STATUS" IS NOT NULL) NOT DEFERRABLE INITIALLY IMMEDIATE NORELY VALIDATE;
ALTER TABLE "BB"."BANK_USER_APPOINTMENTS" ADD CONSTRAINT "SYS_C008154" CHECK ("REQUESTID" IS NOT NULL) NOT DEFERRABLE INITIALLY IMMEDIATE NORELY VALIDATE;
ALTER TABLE "BB"."BANK_USER_APPOINTMENTS" ADD CONSTRAINT "SYS_C008155" CHECK ("USERID" IS NOT NULL) NOT DEFERRABLE INITIALLY IMMEDIATE NORELY VALIDATE;
ALTER TABLE "BB"."BANK_USER_APPOINTMENTS" ADD CONSTRAINT "SYS_C008156" CHECK ("BANKID" IS NOT NULL) NOT DEFERRABLE INITIALLY IMMEDIATE NORELY VALIDATE;
ALTER TABLE "BB"."BANK_USER_APPOINTMENTS" ADD CONSTRAINT "SYS_C008157" CHECK ("DONATION_DATE" IS NOT NULL) NOT DEFERRABLE INITIALLY IMMEDIATE NORELY VALIDATE;
ALTER TABLE "BB"."BANK_USER_APPOINTMENTS" ADD CONSTRAINT "SYS_C008158" CHECK ("TIME" IS NOT NULL) NOT DEFERRABLE INITIALLY IMMEDIATE NORELY VALIDATE;
ALTER TABLE "BB"."BANK_USER_APPOINTMENTS" ADD CONSTRAINT "SYS_C008159" CHECK ("QUANTITY" IS NOT NULL) NOT DEFERRABLE INITIALLY IMMEDIATE NORELY VALIDATE;
ALTER TABLE "BB"."BANK_USER_APPOINTMENTS" ADD CONSTRAINT "SYS_C008160" CHECK ("STATUS" IS NOT NULL) NOT DEFERRABLE INITIALLY IMMEDIATE NORELY VALIDATE;

-- ----------------------------
-- Primary Key structure for table BLOOD_BANK
-- ----------------------------
ALTER TABLE "BB"."BLOOD_BANK" ADD CONSTRAINT "BLOOD_BANK_PK" PRIMARY KEY ("BANKID");

-- ----------------------------
-- Checks structure for table BLOOD_BANK
-- ----------------------------
ALTER TABLE "BB"."BLOOD_BANK" ADD CONSTRAINT "SYS_C007551" CHECK ("PASSWORD" IS NOT NULL) NOT DEFERRABLE INITIALLY IMMEDIATE NORELY VALIDATE;
ALTER TABLE "BB"."BLOOD_BANK" ADD CONSTRAINT "SYS_C007552" CHECK ("NAME" IS NOT NULL) NOT DEFERRABLE INITIALLY IMMEDIATE NORELY VALIDATE;
ALTER TABLE "BB"."BLOOD_BANK" ADD CONSTRAINT "SYS_C007553" CHECK ("DISTRICT" IS NOT NULL) NOT DEFERRABLE INITIALLY IMMEDIATE NORELY VALIDATE;
ALTER TABLE "BB"."BLOOD_BANK" ADD CONSTRAINT "SYS_C007554" CHECK ("AREA" IS NOT NULL) NOT DEFERRABLE INITIALLY IMMEDIATE NORELY VALIDATE;
ALTER TABLE "BB"."BLOOD_BANK" ADD CONSTRAINT "SYS_C008161" CHECK ("BANKID" IS NOT NULL) NOT DEFERRABLE INITIALLY IMMEDIATE NORELY VALIDATE;
ALTER TABLE "BB"."BLOOD_BANK" ADD CONSTRAINT "SYS_C008162" CHECK ("PASSWORD" IS NOT NULL) NOT DEFERRABLE INITIALLY IMMEDIATE NORELY VALIDATE;
ALTER TABLE "BB"."BLOOD_BANK" ADD CONSTRAINT "SYS_C008163" CHECK ("NAME" IS NOT NULL) NOT DEFERRABLE INITIALLY IMMEDIATE NORELY VALIDATE;
ALTER TABLE "BB"."BLOOD_BANK" ADD CONSTRAINT "SYS_C008164" CHECK ("DISTRICT" IS NOT NULL) NOT DEFERRABLE INITIALLY IMMEDIATE NORELY VALIDATE;
ALTER TABLE "BB"."BLOOD_BANK" ADD CONSTRAINT "SYS_C008165" CHECK ("AREA" IS NOT NULL) NOT DEFERRABLE INITIALLY IMMEDIATE NORELY VALIDATE;

-- ----------------------------
-- Primary Key structure for table BLOOD_BANK_INFO
-- ----------------------------
ALTER TABLE "BB"."BLOOD_BANK_INFO" ADD CONSTRAINT "BLOOD_BANK_INFO_PK" PRIMARY KEY ("BANKID");

-- ----------------------------
-- Checks structure for table BLOOD_BANK_INFO
-- ----------------------------
ALTER TABLE "BB"."BLOOD_BANK_INFO" ADD CONSTRAINT "SYS_C007556" CHECK ("BLOOD_GROUP" IS NOT NULL) NOT DEFERRABLE INITIALLY IMMEDIATE NORELY VALIDATE;
ALTER TABLE "BB"."BLOOD_BANK_INFO" ADD CONSTRAINT "SYS_C007557" CHECK ("RH" IS NOT NULL) NOT DEFERRABLE INITIALLY IMMEDIATE NORELY VALIDATE;
ALTER TABLE "BB"."BLOOD_BANK_INFO" ADD CONSTRAINT "SYS_C007558" CHECK ("QUANTITY" IS NOT NULL) NOT DEFERRABLE INITIALLY IMMEDIATE NORELY VALIDATE;
ALTER TABLE "BB"."BLOOD_BANK_INFO" ADD CONSTRAINT "SYS_C008166" CHECK ("BANKID" IS NOT NULL) NOT DEFERRABLE INITIALLY IMMEDIATE NORELY VALIDATE;
ALTER TABLE "BB"."BLOOD_BANK_INFO" ADD CONSTRAINT "SYS_C008167" CHECK ("BLOOD_GROUP" IS NOT NULL) NOT DEFERRABLE INITIALLY IMMEDIATE NORELY VALIDATE;
ALTER TABLE "BB"."BLOOD_BANK_INFO" ADD CONSTRAINT "SYS_C008168" CHECK ("RH" IS NOT NULL) NOT DEFERRABLE INITIALLY IMMEDIATE NORELY VALIDATE;
ALTER TABLE "BB"."BLOOD_BANK_INFO" ADD CONSTRAINT "SYS_C008169" CHECK ("QUANTITY" IS NOT NULL) NOT DEFERRABLE INITIALLY IMMEDIATE NORELY VALIDATE;

-- ----------------------------
-- Primary Key structure for table BLOOD_REQUEST
-- ----------------------------
ALTER TABLE "BB"."BLOOD_REQUEST" ADD CONSTRAINT "BLOOD_REQUEST_PK" PRIMARY KEY ("REQUESTID", "USERID");

-- ----------------------------
-- Checks structure for table BLOOD_REQUEST
-- ----------------------------
ALTER TABLE "BB"."BLOOD_REQUEST" ADD CONSTRAINT "SYS_C007572" CHECK ("BLOOD_GROUP" IS NOT NULL) NOT DEFERRABLE INITIALLY IMMEDIATE NORELY VALIDATE;
ALTER TABLE "BB"."BLOOD_REQUEST" ADD CONSTRAINT "SYS_C007573" CHECK ("RH" IS NOT NULL) NOT DEFERRABLE INITIALLY IMMEDIATE NORELY VALIDATE;
ALTER TABLE "BB"."BLOOD_REQUEST" ADD CONSTRAINT "SYS_C007574" CHECK ("REQUIRED_DATE" IS NOT NULL) NOT DEFERRABLE INITIALLY IMMEDIATE NORELY VALIDATE;
ALTER TABLE "BB"."BLOOD_REQUEST" ADD CONSTRAINT "SYS_C007575" CHECK ("QUANTITY" IS NOT NULL) NOT DEFERRABLE INITIALLY IMMEDIATE NORELY VALIDATE;
ALTER TABLE "BB"."BLOOD_REQUEST" ADD CONSTRAINT "SYS_C007576" CHECK ("DISTRICT" IS NOT NULL) NOT DEFERRABLE INITIALLY IMMEDIATE NORELY VALIDATE;
ALTER TABLE "BB"."BLOOD_REQUEST" ADD CONSTRAINT "SYS_C007577" CHECK ("AREA" IS NOT NULL) NOT DEFERRABLE INITIALLY IMMEDIATE NORELY VALIDATE;
ALTER TABLE "BB"."BLOOD_REQUEST" ADD CONSTRAINT "SYS_C007580" CHECK ("USERID" IS NOT NULL) NOT DEFERRABLE INITIALLY IMMEDIATE NORELY VALIDATE;
ALTER TABLE "BB"."BLOOD_REQUEST" ADD CONSTRAINT "SYS_C008170" CHECK ("REQUESTID" IS NOT NULL) NOT DEFERRABLE INITIALLY IMMEDIATE NORELY VALIDATE;
ALTER TABLE "BB"."BLOOD_REQUEST" ADD CONSTRAINT "SYS_C008171" CHECK ("USERID" IS NOT NULL) NOT DEFERRABLE INITIALLY IMMEDIATE NORELY VALIDATE;
ALTER TABLE "BB"."BLOOD_REQUEST" ADD CONSTRAINT "SYS_C008172" CHECK ("BLOOD_GROUP" IS NOT NULL) NOT DEFERRABLE INITIALLY IMMEDIATE NORELY VALIDATE;
ALTER TABLE "BB"."BLOOD_REQUEST" ADD CONSTRAINT "SYS_C008173" CHECK ("RH" IS NOT NULL) NOT DEFERRABLE INITIALLY IMMEDIATE NORELY VALIDATE;
ALTER TABLE "BB"."BLOOD_REQUEST" ADD CONSTRAINT "SYS_C008174" CHECK ("REQUIRED_DATE" IS NOT NULL) NOT DEFERRABLE INITIALLY IMMEDIATE NORELY VALIDATE;
ALTER TABLE "BB"."BLOOD_REQUEST" ADD CONSTRAINT "SYS_C008175" CHECK ("QUANTITY" IS NOT NULL) NOT DEFERRABLE INITIALLY IMMEDIATE NORELY VALIDATE;
ALTER TABLE "BB"."BLOOD_REQUEST" ADD CONSTRAINT "SYS_C008176" CHECK ("DISTRICT" IS NOT NULL) NOT DEFERRABLE INITIALLY IMMEDIATE NORELY VALIDATE;
ALTER TABLE "BB"."BLOOD_REQUEST" ADD CONSTRAINT "SYS_C008177" CHECK ("AREA" IS NOT NULL) NOT DEFERRABLE INITIALLY IMMEDIATE NORELY VALIDATE;

-- ----------------------------
-- Primary Key structure for table DONOR
-- ----------------------------
ALTER TABLE "BB"."DONOR" ADD CONSTRAINT "SYS_C007545" PRIMARY KEY ("DONORID");

-- ----------------------------
-- Checks structure for table DONOR
-- ----------------------------
ALTER TABLE "BB"."DONOR" ADD CONSTRAINT "SYS_C007508" CHECK ("DONORID" IS NOT NULL) NOT DEFERRABLE INITIALLY IMMEDIATE NORELY VALIDATE;
ALTER TABLE "BB"."DONOR" ADD CONSTRAINT "SYS_C007540" CHECK ("GENDER" IS NOT NULL) NOT DEFERRABLE INITIALLY IMMEDIATE NORELY VALIDATE;
ALTER TABLE "BB"."DONOR" ADD CONSTRAINT "SYS_C007541" CHECK ("BIRTH_DATE" IS NOT NULL) NOT DEFERRABLE INITIALLY IMMEDIATE NORELY VALIDATE;
ALTER TABLE "BB"."DONOR" ADD CONSTRAINT "SYS_C007542" CHECK ("AREA" IS NOT NULL) NOT DEFERRABLE INITIALLY IMMEDIATE NORELY VALIDATE;
ALTER TABLE "BB"."DONOR" ADD CONSTRAINT "SYS_C007543" CHECK ("DISTRICT" IS NOT NULL) NOT DEFERRABLE INITIALLY IMMEDIATE NORELY VALIDATE;
ALTER TABLE "BB"."DONOR" ADD CONSTRAINT "SYS_C007544" CHECK ("LAST_DONATION_DATE" IS NOT NULL) NOT DEFERRABLE INITIALLY IMMEDIATE NORELY VALIDATE;
ALTER TABLE "BB"."DONOR" ADD CONSTRAINT "SYS_C007612" CHECK ("DONORID" IS NOT NULL) NOT DEFERRABLE INITIALLY IMMEDIATE NORELY VALIDATE;
ALTER TABLE "BB"."DONOR" ADD CONSTRAINT "SYS_C008100" CHECK ("DONORID" IS NOT NULL) NOT DEFERRABLE INITIALLY IMMEDIATE NORELY VALIDATE;
ALTER TABLE "BB"."DONOR" ADD CONSTRAINT "SYS_C008178" CHECK ("DONORID" IS NOT NULL) NOT DEFERRABLE INITIALLY IMMEDIATE NORELY VALIDATE;
ALTER TABLE "BB"."DONOR" ADD CONSTRAINT "SYS_C008179" CHECK ("GENDER" IS NOT NULL) NOT DEFERRABLE INITIALLY IMMEDIATE NORELY VALIDATE;
ALTER TABLE "BB"."DONOR" ADD CONSTRAINT "SYS_C008180" CHECK ("BIRTH_DATE" IS NOT NULL) NOT DEFERRABLE INITIALLY IMMEDIATE NORELY VALIDATE;
ALTER TABLE "BB"."DONOR" ADD CONSTRAINT "SYS_C008181" CHECK ("AREA" IS NOT NULL) NOT DEFERRABLE INITIALLY IMMEDIATE NORELY VALIDATE;
ALTER TABLE "BB"."DONOR" ADD CONSTRAINT "SYS_C008182" CHECK ("DISTRICT" IS NOT NULL) NOT DEFERRABLE INITIALLY IMMEDIATE NORELY VALIDATE;
ALTER TABLE "BB"."DONOR" ADD CONSTRAINT "SYS_C008183" CHECK ("LAST_DONATION_DATE" IS NOT NULL) NOT DEFERRABLE INITIALLY IMMEDIATE NORELY VALIDATE;

-- ----------------------------
-- Primary Key structure for table DONOR_BLOOD_INFO
-- ----------------------------
ALTER TABLE "BB"."DONOR_BLOOD_INFO" ADD CONSTRAINT "SYS_C007548" PRIMARY KEY ("DONORID");

-- ----------------------------
-- Checks structure for table DONOR_BLOOD_INFO
-- ----------------------------
ALTER TABLE "BB"."DONOR_BLOOD_INFO" ADD CONSTRAINT "SYS_C007509" CHECK ("DONORID" IS NOT NULL) NOT DEFERRABLE INITIALLY IMMEDIATE NORELY VALIDATE;
ALTER TABLE "BB"."DONOR_BLOOD_INFO" ADD CONSTRAINT "SYS_C007510" CHECK ("BLOOD_GROUP" IS NOT NULL) NOT DEFERRABLE INITIALLY IMMEDIATE NORELY VALIDATE;
ALTER TABLE "BB"."DONOR_BLOOD_INFO" ADD CONSTRAINT "SYS_C007511" CHECK ("RH" IS NOT NULL) NOT DEFERRABLE INITIALLY IMMEDIATE NORELY VALIDATE;
ALTER TABLE "BB"."DONOR_BLOOD_INFO" ADD CONSTRAINT "SYS_C007606" CHECK ("DONORID" IS NOT NULL) NOT DEFERRABLE INITIALLY IMMEDIATE NORELY VALIDATE;
ALTER TABLE "BB"."DONOR_BLOOD_INFO" ADD CONSTRAINT "SYS_C007607" CHECK ("BLOOD_GROUP" IS NOT NULL) NOT DEFERRABLE INITIALLY IMMEDIATE NORELY VALIDATE;
ALTER TABLE "BB"."DONOR_BLOOD_INFO" ADD CONSTRAINT "SYS_C007608" CHECK ("RH" IS NOT NULL) NOT DEFERRABLE INITIALLY IMMEDIATE NORELY VALIDATE;
ALTER TABLE "BB"."DONOR_BLOOD_INFO" ADD CONSTRAINT "SYS_C008101" CHECK ("DONORID" IS NOT NULL) NOT DEFERRABLE INITIALLY IMMEDIATE NORELY VALIDATE;
ALTER TABLE "BB"."DONOR_BLOOD_INFO" ADD CONSTRAINT "SYS_C008102" CHECK ("BLOOD_GROUP" IS NOT NULL) NOT DEFERRABLE INITIALLY IMMEDIATE NORELY VALIDATE;
ALTER TABLE "BB"."DONOR_BLOOD_INFO" ADD CONSTRAINT "SYS_C008103" CHECK ("RH" IS NOT NULL) NOT DEFERRABLE INITIALLY IMMEDIATE NORELY VALIDATE;
ALTER TABLE "BB"."DONOR_BLOOD_INFO" ADD CONSTRAINT "SYS_C008184" CHECK ("DONORID" IS NOT NULL) NOT DEFERRABLE INITIALLY IMMEDIATE NORELY VALIDATE;
ALTER TABLE "BB"."DONOR_BLOOD_INFO" ADD CONSTRAINT "SYS_C008185" CHECK ("BLOOD_GROUP" IS NOT NULL) NOT DEFERRABLE INITIALLY IMMEDIATE NORELY VALIDATE;
ALTER TABLE "BB"."DONOR_BLOOD_INFO" ADD CONSTRAINT "SYS_C008186" CHECK ("RH" IS NOT NULL) NOT DEFERRABLE INITIALLY IMMEDIATE NORELY VALIDATE;

-- ----------------------------
-- Primary Key structure for table DONOR_DONATES
-- ----------------------------
ALTER TABLE "BB"."DONOR_DONATES" ADD CONSTRAINT "DONOR_DONATES_PK" PRIMARY KEY ("DONORID", "DONATIONID");

-- ----------------------------
-- Checks structure for table DONOR_DONATES
-- ----------------------------
ALTER TABLE "BB"."DONOR_DONATES" ADD CONSTRAINT "SYS_C008187" CHECK ("DONORID" IS NOT NULL) NOT DEFERRABLE INITIALLY IMMEDIATE NORELY VALIDATE;
ALTER TABLE "BB"."DONOR_DONATES" ADD CONSTRAINT "SYS_C008188" CHECK ("DONATIONID" IS NOT NULL) NOT DEFERRABLE INITIALLY IMMEDIATE NORELY VALIDATE;

-- ----------------------------
-- Primary Key structure for table DONOR_USER_APPOINTMENTS
-- ----------------------------
ALTER TABLE "BB"."DONOR_USER_APPOINTMENTS" ADD CONSTRAINT "DONOR_USER_APPOINTMENTS_PK" PRIMARY KEY ("REQUESTID");

-- ----------------------------
-- Checks structure for table DONOR_USER_APPOINTMENTS
-- ----------------------------
ALTER TABLE "BB"."DONOR_USER_APPOINTMENTS" ADD CONSTRAINT "SYS_C007591" CHECK ("USERID" IS NOT NULL) NOT DEFERRABLE INITIALLY IMMEDIATE NORELY VALIDATE;
ALTER TABLE "BB"."DONOR_USER_APPOINTMENTS" ADD CONSTRAINT "SYS_C007592" CHECK ("DONORID" IS NOT NULL) NOT DEFERRABLE INITIALLY IMMEDIATE NORELY VALIDATE;
ALTER TABLE "BB"."DONOR_USER_APPOINTMENTS" ADD CONSTRAINT "SYS_C007593" CHECK ("DONATION_DATE" IS NOT NULL) NOT DEFERRABLE INITIALLY IMMEDIATE NORELY VALIDATE;
ALTER TABLE "BB"."DONOR_USER_APPOINTMENTS" ADD CONSTRAINT "SYS_C007594" CHECK ("TIME" IS NOT NULL) NOT DEFERRABLE INITIALLY IMMEDIATE NORELY VALIDATE;
ALTER TABLE "BB"."DONOR_USER_APPOINTMENTS" ADD CONSTRAINT "SYS_C007595" CHECK ("STATUS" IS NOT NULL) NOT DEFERRABLE INITIALLY IMMEDIATE NORELY VALIDATE;
ALTER TABLE "BB"."DONOR_USER_APPOINTMENTS" ADD CONSTRAINT "SYS_C008189" CHECK ("REQUESTID" IS NOT NULL) NOT DEFERRABLE INITIALLY IMMEDIATE NORELY VALIDATE;
ALTER TABLE "BB"."DONOR_USER_APPOINTMENTS" ADD CONSTRAINT "SYS_C008190" CHECK ("USERID" IS NOT NULL) NOT DEFERRABLE INITIALLY IMMEDIATE NORELY VALIDATE;
ALTER TABLE "BB"."DONOR_USER_APPOINTMENTS" ADD CONSTRAINT "SYS_C008191" CHECK ("DONORID" IS NOT NULL) NOT DEFERRABLE INITIALLY IMMEDIATE NORELY VALIDATE;
ALTER TABLE "BB"."DONOR_USER_APPOINTMENTS" ADD CONSTRAINT "SYS_C008192" CHECK ("DONATION_DATE" IS NOT NULL) NOT DEFERRABLE INITIALLY IMMEDIATE NORELY VALIDATE;
ALTER TABLE "BB"."DONOR_USER_APPOINTMENTS" ADD CONSTRAINT "SYS_C008193" CHECK ("TIME" IS NOT NULL) NOT DEFERRABLE INITIALLY IMMEDIATE NORELY VALIDATE;
ALTER TABLE "BB"."DONOR_USER_APPOINTMENTS" ADD CONSTRAINT "SYS_C008194" CHECK ("STATUS" IS NOT NULL) NOT DEFERRABLE INITIALLY IMMEDIATE NORELY VALIDATE;

-- ----------------------------
-- Primary Key structure for table USERS
-- ----------------------------
ALTER TABLE "BB"."USERS" ADD CONSTRAINT "USER_ID" PRIMARY KEY ("USERID");

-- ----------------------------
-- Uniques structure for table USERS
-- ----------------------------
ALTER TABLE "BB"."USERS" ADD CONSTRAINT "SYS_C007565" UNIQUE ("EMAIL") NOT DEFERRABLE INITIALLY IMMEDIATE NORELY VALIDATE;

-- ----------------------------
-- Checks structure for table USERS
-- ----------------------------
ALTER TABLE "BB"."USERS" ADD CONSTRAINT "SYS_C007512" CHECK ("USERID" IS NOT NULL) NOT DEFERRABLE INITIALLY IMMEDIATE NORELY VALIDATE;
ALTER TABLE "BB"."USERS" ADD CONSTRAINT "SYS_C007513" CHECK ("NAME" IS NOT NULL) NOT DEFERRABLE INITIALLY IMMEDIATE NORELY VALIDATE;
ALTER TABLE "BB"."USERS" ADD CONSTRAINT "SYS_C007514" CHECK ("PASSWORD" IS NOT NULL) NOT DEFERRABLE INITIALLY IMMEDIATE NORELY VALIDATE;
ALTER TABLE "BB"."USERS" ADD CONSTRAINT "SYS_C007538" CHECK ("EMAIL" IS NOT NULL) NOT DEFERRABLE INITIALLY IMMEDIATE NORELY VALIDATE;
ALTER TABLE "BB"."USERS" ADD CONSTRAINT "SYS_C007562" CHECK ("NAME" IS NOT NULL) NOT DEFERRABLE INITIALLY IMMEDIATE NORELY VALIDATE;
ALTER TABLE "BB"."USERS" ADD CONSTRAINT "SYS_C007563" CHECK ("PASSWORD" IS NOT NULL) NOT DEFERRABLE INITIALLY IMMEDIATE NORELY VALIDATE;
ALTER TABLE "BB"."USERS" ADD CONSTRAINT "SYS_C007618" CHECK ("USERID" IS NOT NULL) NOT DEFERRABLE INITIALLY IMMEDIATE NORELY VALIDATE;
ALTER TABLE "BB"."USERS" ADD CONSTRAINT "SYS_C007619" CHECK ("NAME" IS NOT NULL) NOT DEFERRABLE INITIALLY IMMEDIATE NORELY VALIDATE;
ALTER TABLE "BB"."USERS" ADD CONSTRAINT "SYS_C007620" CHECK ("PASSWORD" IS NOT NULL) NOT DEFERRABLE INITIALLY IMMEDIATE NORELY VALIDATE;
ALTER TABLE "BB"."USERS" ADD CONSTRAINT "SYS_C007705" CHECK ("USERID" IS NOT NULL) NOT DEFERRABLE INITIALLY IMMEDIATE NORELY VALIDATE;
ALTER TABLE "BB"."USERS" ADD CONSTRAINT "SYS_C007706" CHECK ("NAME" IS NOT NULL) NOT DEFERRABLE INITIALLY IMMEDIATE NORELY VALIDATE;
ALTER TABLE "BB"."USERS" ADD CONSTRAINT "SYS_C007707" CHECK ("PASSWORD" IS NOT NULL) NOT DEFERRABLE INITIALLY IMMEDIATE NORELY VALIDATE;
ALTER TABLE "BB"."USERS" ADD CONSTRAINT "SYS_C008195" CHECK ("USERID" IS NOT NULL) NOT DEFERRABLE INITIALLY IMMEDIATE NORELY VALIDATE;
ALTER TABLE "BB"."USERS" ADD CONSTRAINT "SYS_C008196" CHECK ("NAME" IS NOT NULL) NOT DEFERRABLE INITIALLY IMMEDIATE NORELY VALIDATE;
ALTER TABLE "BB"."USERS" ADD CONSTRAINT "SYS_C008197" CHECK ("EMAIL" IS NOT NULL) NOT DEFERRABLE INITIALLY IMMEDIATE NORELY VALIDATE;
ALTER TABLE "BB"."USERS" ADD CONSTRAINT "SYS_C008198" CHECK ("PASSWORD" IS NOT NULL) NOT DEFERRABLE INITIALLY IMMEDIATE NORELY VALIDATE;

-- ----------------------------
-- Primary Key structure for table USER_DONOR
-- ----------------------------
ALTER TABLE "BB"."USER_DONOR" ADD CONSTRAINT "SYS_C007588" PRIMARY KEY ("USERID");

-- ----------------------------
-- Uniques structure for table USER_DONOR
-- ----------------------------
ALTER TABLE "BB"."USER_DONOR" ADD CONSTRAINT "SYS_C007589" UNIQUE ("DONORID") NOT DEFERRABLE INITIALLY IMMEDIATE NORELY VALIDATE;

-- ----------------------------
-- Checks structure for table USER_DONOR
-- ----------------------------
ALTER TABLE "BB"."USER_DONOR" ADD CONSTRAINT "SYS_C007515" CHECK ("USERID" IS NOT NULL) NOT DEFERRABLE INITIALLY IMMEDIATE NORELY VALIDATE;
ALTER TABLE "BB"."USER_DONOR" ADD CONSTRAINT "SYS_C007539" CHECK ("DONORID" IS NOT NULL) NOT DEFERRABLE INITIALLY IMMEDIATE NORELY VALIDATE;
ALTER TABLE "BB"."USER_DONOR" ADD CONSTRAINT "SYS_C007614" CHECK ("USERID" IS NOT NULL) NOT DEFERRABLE INITIALLY IMMEDIATE NORELY VALIDATE;
ALTER TABLE "BB"."USER_DONOR" ADD CONSTRAINT "SYS_C008090" CHECK ("USERID" IS NOT NULL) NOT DEFERRABLE INITIALLY IMMEDIATE NORELY VALIDATE;
ALTER TABLE "BB"."USER_DONOR" ADD CONSTRAINT "SYS_C008199" CHECK ("USERID" IS NOT NULL) NOT DEFERRABLE INITIALLY IMMEDIATE NORELY VALIDATE;
ALTER TABLE "BB"."USER_DONOR" ADD CONSTRAINT "SYS_C008200" CHECK ("DONORID" IS NOT NULL) NOT DEFERRABLE INITIALLY IMMEDIATE NORELY VALIDATE;

-- ----------------------------
-- Primary Key structure for table USER_REQUEST
-- ----------------------------
ALTER TABLE "BB"."USER_REQUEST" ADD CONSTRAINT "USER_REQUEST_PK" PRIMARY KEY ("USERID", "REQUESTID");

-- ----------------------------
-- Checks structure for table USER_REQUEST
-- ----------------------------
ALTER TABLE "BB"."USER_REQUEST" ADD CONSTRAINT "SYS_C008201" CHECK ("USERID" IS NOT NULL) NOT DEFERRABLE INITIALLY IMMEDIATE NORELY VALIDATE;
ALTER TABLE "BB"."USER_REQUEST" ADD CONSTRAINT "SYS_C008202" CHECK ("REQUESTID" IS NOT NULL) NOT DEFERRABLE INITIALLY IMMEDIATE NORELY VALIDATE;

-- ----------------------------
-- Foreign Keys structure for table BANK_DONOR_APPOINTMENTS
-- ----------------------------
ALTER TABLE "BB"."BANK_DONOR_APPOINTMENTS" ADD CONSTRAINT "BANK_DONOR_APPOINTMENTS_FK1" FOREIGN KEY ("DONORID", "DONATIONID") REFERENCES "BB"."DONOR_DONATES" ("DONORID", "DONATIONID") ON DELETE CASCADE NOT DEFERRABLE INITIALLY IMMEDIATE NORELY VALIDATE;
ALTER TABLE "BB"."BANK_DONOR_APPOINTMENTS" ADD CONSTRAINT "BANK_DONOR_APPOINTMENTS_FK2" FOREIGN KEY ("BANKID") REFERENCES "BB"."BLOOD_BANK" ("BANKID") ON DELETE CASCADE NOT DEFERRABLE INITIALLY IMMEDIATE NORELY VALIDATE;

-- ----------------------------
-- Foreign Keys structure for table BANK_USER_APPOINTMENTS
-- ----------------------------
ALTER TABLE "BB"."BANK_USER_APPOINTMENTS" ADD CONSTRAINT "BANK_USER_APPOINTMENTS_FK1" FOREIGN KEY ("REQUESTID", "USERID") REFERENCES "BB"."BLOOD_REQUEST" ("REQUESTID", "USERID") ON DELETE CASCADE NOT DEFERRABLE INITIALLY IMMEDIATE NORELY VALIDATE;
ALTER TABLE "BB"."BANK_USER_APPOINTMENTS" ADD CONSTRAINT "BANK_USER_APPOINTMENTS_FK2" FOREIGN KEY ("BANKID") REFERENCES "BB"."BLOOD_BANK" ("BANKID") ON DELETE CASCADE NOT DEFERRABLE INITIALLY IMMEDIATE NORELY VALIDATE;

-- ----------------------------
-- Foreign Keys structure for table BLOOD_BANK_INFO
-- ----------------------------
ALTER TABLE "BB"."BLOOD_BANK_INFO" ADD CONSTRAINT "BLOOD_BANK_INFO_FK" FOREIGN KEY ("BANKID") REFERENCES "BB"."BLOOD_BANK" ("BANKID") ON DELETE CASCADE NOT DEFERRABLE INITIALLY IMMEDIATE NORELY VALIDATE;

-- ----------------------------
-- Foreign Keys structure for table BLOOD_REQUEST
-- ----------------------------
ALTER TABLE "BB"."BLOOD_REQUEST" ADD CONSTRAINT "BLOOD_REQUEST_FK" FOREIGN KEY ("USERID", "REQUESTID") REFERENCES "BB"."USER_REQUEST" ("USERID", "REQUESTID") ON DELETE CASCADE NOT DEFERRABLE INITIALLY IMMEDIATE NORELY VALIDATE;

-- ----------------------------
-- Foreign Keys structure for table DONOR
-- ----------------------------
ALTER TABLE "BB"."DONOR" ADD CONSTRAINT "DONOR_FK" FOREIGN KEY ("DONORID") REFERENCES "BB"."USER_DONOR" ("DONORID") ON DELETE CASCADE NOT DEFERRABLE INITIALLY IMMEDIATE NORELY VALIDATE;

-- ----------------------------
-- Foreign Keys structure for table DONOR_BLOOD_INFO
-- ----------------------------
ALTER TABLE "BB"."DONOR_BLOOD_INFO" ADD CONSTRAINT "DONOR_BLOOD_INFO_FK" FOREIGN KEY ("DONORID") REFERENCES "BB"."DONOR" ("DONORID") ON DELETE CASCADE NOT DEFERRABLE INITIALLY IMMEDIATE NORELY VALIDATE;

-- ----------------------------
-- Foreign Keys structure for table DONOR_DONATES
-- ----------------------------
ALTER TABLE "BB"."DONOR_DONATES" ADD CONSTRAINT "DONOR_DONATES_FK" FOREIGN KEY ("DONORID") REFERENCES "BB"."DONOR" ("DONORID") ON DELETE CASCADE NOT DEFERRABLE INITIALLY IMMEDIATE NORELY VALIDATE;

-- ----------------------------
-- Foreign Keys structure for table DONOR_USER_APPOINTMENTS
-- ----------------------------
ALTER TABLE "BB"."DONOR_USER_APPOINTMENTS" ADD CONSTRAINT "DONOR_USER_APPOINTMENTS_FK1" FOREIGN KEY ("REQUESTID", "USERID") REFERENCES "BB"."BLOOD_REQUEST" ("REQUESTID", "USERID") ON DELETE CASCADE NOT DEFERRABLE INITIALLY IMMEDIATE NORELY VALIDATE;
ALTER TABLE "BB"."DONOR_USER_APPOINTMENTS" ADD CONSTRAINT "DONOR_USER_APPOINTMENTS_FK2" FOREIGN KEY ("DONORID") REFERENCES "BB"."DONOR" ("DONORID") ON DELETE CASCADE NOT DEFERRABLE INITIALLY IMMEDIATE NORELY VALIDATE;

-- ----------------------------
-- Foreign Keys structure for table USER_REQUEST
-- ----------------------------
ALTER TABLE "BB"."USER_REQUEST" ADD CONSTRAINT "USER_REQUEST_FK" FOREIGN KEY ("USERID") REFERENCES "BB"."USERS" ("USERID") ON DELETE CASCADE NOT DEFERRABLE INITIALLY IMMEDIATE NORELY VALIDATE;
